William C. Rhodes, III
Rachel Stubins
Ivan Holman
Christopher Horvers
Christopher Hoover
William T. Giles
Ray Pohlman
Alisa Guyer Galperin
Chris Bottiglieri
Brian Campbell
Benjamin G. Zerman
Mike Montani
Bret Jordan
Matthew Fassler
Liz Suzuki
Gregory Melich
Gary Balter
Matt Fassler
Unidentified Analyst
Greg Melich
Unidentified Company Representative
Joshua M. Siber
Steven Forbes
Michael Baker
Tony Cristello
Chandni Luthra
Daniel Wewer
Matt McClintock
Chris Horvers
Operator
Robert Higginbotham
Curtis Nagle
Scott Ciccarelli
John Lawrence
Craig R. Kennison
Mark Becks
Gregory Scott Melich
Matthew J. Fassler
Christian Carlino
Simeon Ari Gutman
Helen Pan
Bill Rhodes
Katy Hallberg
Gregory S. Melich
Matthew Vigneau
Aziz Pirbhoy
Unverified Participant
David Schick
Aram Rubinson
Unnamed Company Representative
Simeon A. Gutman
Zach Fadem
Bill Giles
Seth M. Basham
Colin McGranahan
Anthony Cristello
David Gober
David Lantz
Michael Louis Lasser
Dan R. Wewer
Mike Baker
Aram H. Rubinson
Bret David Jordan
Ryan Brinkman
Alan M. Rifkin
John R. Lawrence
William Giles
Bret D. Jordan
Daniel Imbro
Steven Zaccone
Daniel R. Wewer
Bret Jordan 
Scot Ciccarelli
William Rhodes
Jackie Sussman
Alan Rifkin
Seth Basham
Simeon Gutman
Matthew McClintock
Sam Reid
Elizabeth Suzuki
Jamere Jackson
Greg S. Melich
Kate McShane
Shaun Kolnick
Chris J. Bottiglieri
Zack Fadem
Patrick Palfrey
Anthony F. Cristello
Joshua Siber
Dan Wewer
Unknown Executive
Seth Sigman
Jerry Sullivan
William C. Rhodes
Brian W. Nagel
Mark A. Becks
Michael Goldsmith
Michael Lasser
Brian Nagel
Allen Hatzimanolis
Zachary Fadem
Matthew Jeremy Fassler
Adam Sindler
Michael Montani
