Marvin S. Edwards, Jr.
Timothy J. Quillin
Morgan Kurk
Walter Piecyk
Shawn M. Harrison
Matthew Niknam
Jeff Kvaal
Gausia Chowdhury
Amir Rozwadowski
Alex Pease
Meta A. Marshall
Steven Fox
Spencer Green
Philip M. Armstrong
Marvin S. Edwards
Chuck Treadway
George Charles Notter
Jeffrey Thomas Kvaal
Charles Treadway
James E. Faucette
Jess Lubert
Paul Leone
Jim Suva
Marvin Edwards
James Suva
Bruce McClelland
Vijay Bhagavath
Jess Lupert
Jeffrey Kvaal
Unidentified Analyst
Alexander Pease
Russell Johnson
Brian Modoff
Unknown Speaker
Disclaimer
Phil Armstrong
Dan Bartus
Operator
Kulbinder Garcha
Mark A. Olson
Ashwin Kesireddy
Matt Niknam
Rod Hall
Vijay K. Bhagavath
Sami Badri
Alexander W. Pease
Samik Chatterjee
Eddie Edward
Simon Leopold
Michael McCloskey
Roderick Hall
George C. Notter
Ana Goshko
Eddie Edwards
Kyle Lorentzen
Mark Delaney
Meta Marshall
Q George Notter
Avi Silver
Simon M. Leopold
Ashwin X. Kesireddy
Tim Savageaux
Mark Sue
Mark Olson
Daniel Joseph Bartus
Jennifer Crawford
Victor W. Chiu
Amit Daryanani
Joe Cardoso
Shawn Harrison
Philip Armstrong
Rod B. Hall
George Notter
Kevin Powers
Samik X. Chatterjee
Stanley Kovler
Ahmed Badri
